{"users":[{"id":2,"name":"Rodrigo Rahman","email":"rodrigorahman@academiadoflutter.com.br","password":"123123"}],"adm_users":[{"id":2,"name":"Rodrigo Rahman","email":"rodrigorahman@academiadoflutter.com.br","password":"123123"}],"payment-types":[{"id":1,"name":"Cartão de crédito","acronym":"CC","enabled":true},{"id":2,"name":"Cartão de débito","acronym":"CD","enabled":true},{"id":3,"name":"Vale Refeição","acronym":"VR","enabled":true},{"id":4,"name":"Vale Alimentação","acronym":"VA","enabled":true},{"id":5,"name":"teste","acronym":"teste","enabled":false}],"products":[{"id":1,"name":"X-Salada","description":"Lanche acompanha pão, hambúguer, mussarela, alface, tomate e maionese","price":20.22,"enabled":true,"image":"/storage/mclumygt_jrs_1682022574279.jpg"},{"id":2,"name":"X-Burger","description":"Lanche acompanha pão, hambúguer, mussarela e maionese","price":15,"enabled":true,"image":"/storage/ilalxxjc_jrs_1682022613641.jpg"},{"id":3,"name":"X-Churrasco","description":"Lanche acompanha pão francês, contra filé, alface, vinagrete, queijo e maionese","price":23.0,"enabled":true,"image":"/storage/papfpljy_jrs_1682022661076.jpg"},{"id":4,"name":"X-Egg","description":"Lanche acompanha pão, hamburguer, queijo, ovo, maionese, alface e tomate","price":15.0,"enabled":true,"image":"/storage/jvxuusyp_jrs_1682022693626.jpg"},{"id":5,"name":"X-Calabresa","description":"Lanche acompanha pão, calabresa, vinagrete, queijo e maionese","price":19.0,"enabled":true,"image":"/storage/dbfgpedr_jrs_1682022714065.jpg"},{"id":6,"name":"X-Bacon","description":"Lanche acompanha pão, hambúrguer, fatias de bacon, queijo, maionese, alface e tomate","price":19.0,"enabled":true,"image":"/storage/swltbvwc_jrs_1682022736008.jpg"},{"id":7,"name":"Porção de 500g Batata frita simples nova","description":"batata","price":20,"enabled":true,"image":"/storage/zblridqe_jrs_1682022754874.jpg"},{"id":8,"name":"Porção de 500g Calabresa acebolada","description":"","price":19.0,"enabled":true,"image":"/storage/igfbzmju_jrs_1682022776662.jpg"},{"id":9,"name":"Porção de 500g Batata com Cheddar e Bacon","description":"Batata Cheddar e Bacon","price":25.0,"enabled":true,"image":"/storage/jozzallr_jrs_1682022797344.jpg"},{"id":10,"name":"teste","description":"13212313","price":1231.23,"enabled":false,"image":"/storage/xdjjajvr_jrs_1682382186752.png"},{"id":11,"name":"teste","description":"32123","price":13.21,"image":"/storage/cmtirgjd_jrs_1682386884693.png","enabled":false}],"orders":[{"id":1,"date":"2023-04-25T00:00:00.000","status":"F","products":[{"id":1,"amount":2,"total_price":38.0},{"id":2,"amount":1,"total_price":19.0}],"user_id":2,"address":"Av Paulista, 51 São Paulo","CPF":1234156464,"payment_method_id":1},{"id":2,"date":"2023-04-25T00:00:00.000","status":"R","products":[{"id":1,"amount":2,"total_price":38.0},{"id":2,"amount":1,"total_price":19.0}],"user_id":2,"address":"Av Paulista, 51 São Paulo","CPF":1234156464,"payment_method_id":1},{"id":3,"date":"2023-04-25T00:00:00.000","status":"C","products":[{"id":1,"amount":2,"total_price":38.0},{"id":2,"amount":1,"total_price":19.0},{"id":3,"amount":2,"total_price":19.0}],"user_id":2,"address":"Av Paulista, 51 São Paulo","CPF":1234156464,"payment_method_id":1},{"id":4,"date":"2023-04-25T00:00:00.000","status":"R","products":[{"id":1,"amount":2,"total_price":38.0},{"id":2,"amount":1,"total_price":19.0},{"id":3,"amount":2,"total_price":19.0}],"user_id":2,"address":"Av Paulista, 51 São Paulo","CPF":1234156464,"payment_method_id":1},{"id":5,"date":"2023-04-25T00:00:00.000","status":"P","products":[{"id":1,"amount":2,"total_price":38.0},{"id":2,"amount":1,"total_price":19.0},{"id":3,"amount":2,"total_price":19.0}],"user_id":2,"address":"Av Paulista, 51 São Paulo","CPF":1234156464,"payment_method_id":1},{"id":6,"date":"2023-04-26T00:00:00.000","status":"R","products":[{"id":1,"amount":2,"total_price":38.0},{"id":2,"amount":1,"total_price":19.0},{"id":3,"amount":2,"total_price":19.0}],"user_id":2,"address":"Av Paulista, 51 São Paulo","CPF":1234156464,"payment_method_id":1},{"id":7,"date":"2023-04-26T00:00:00.000","status":"F","products":[{"id":1,"amount":2,"total_price":38.0},{"id":2,"amount":1,"total_price":19.0},{"id":3,"amount":2,"total_price":19.0}],"user_id":2,"address":"Av Paulista, 51 São Paulo","CPF":1234156464,"payment_method_id":1}]}